timestamp,text,followers
2026-03-10T08:01:12Z,"Just updated to v4.2 and honestly the app feels SO much snappier. Loading times went from 5s to under 1s. Finally 🚀",3400
2026-03-10T08:03:45Z,"Anyone else getting a white screen after login? Tried clearing cache, reinstalling, nothing works. Been 2 days now.",8900
2026-03-10T08:05:22Z,"The new pricing tier is insane. $29/mo for features that were free last month?? How is this acceptable",15200
2026-03-10T08:07:08Z,"Shoutout to @support_team - they fixed my billing issue in under 10 minutes. That's how customer service should work 👍",1100
2026-03-10T08:09:33Z,"lol yeah the app is 'fast' now, if you consider crashing every 5 minutes fast 🙄",22400
2026-03-10T08:11:15Z,"Genuinely impressed with the new dashboard UI. Clean, intuitive, actually makes me want to use the product more.",2800
2026-03-10T08:13:47Z,"Three failed payments in a row. Support told me to 'try again later.' That's literally your whole response?? 😡",19600
2026-03-10T08:15:02Z,"Maintenance scheduled for tonight 10PM-2AM EST. Plan accordingly.",450
2026-03-10T08:17:29Z,"switched from competitor X to this last week. night and day difference in build quality. actually works as advertised",1700
2026-03-10T08:19:55Z,"The premium plan price increase is justified imo. You get API access, priority support, and 10x the storage. Fair deal.",3100
2026-03-10T08:21:18Z,"My export feature has been broken for 3 weeks. I've submitted 4 tickets. FOUR. Still no fix. This is unacceptable for enterprise.",31000
2026-03-10T08:23:44Z,"not gonna lie the new onboarding flow is 🔥. took me 2 min to set everything up vs the old 20 min nightmare",2200
2026-03-10T08:25:11Z,"Is anyone else's notification system completely broken or just me? Getting alerts for things from 3 days ago",6800
2026-03-10T08:27:38Z,"Best. Update. Ever. The search functionality actually returns relevant results now. Game changer for our team.",4500
2026-03-10T08:29:05Z,"Product is trending on HN today but maybe fix the bugs first before celebrating? Just a thought 🤷",9300
2026-03-10T08:31:22Z,"Support just hung up on me after 45 minutes of hold. Second time this week. Absolutely pathetic service. 💀",17800
2026-03-10T08:33:49Z,"The mobile app redesign is gorgeous. Whoever did the UX work deserves a raise honestly",1500
2026-03-10T08:35:16Z,"Am I the only one who thinks the new pricing is actually reasonable? Compare it to any competitor and it's cheaper",2900
2026-03-10T08:37:43Z,"Login broken. Search broken. Notifications broken. But hey at least the loading animation looks cool right? 😐",25600
2026-03-10T08:39:10Z,"We migrated our entire 200-person team to this platform last quarter. Zero regrets. Support has been fantastic.",8100
2026-03-10T08:41:37Z,"Tried to cancel my subscription and got redirected in circles for 20 minutes. Dark pattern much?",14300
2026-03-10T08:43:04Z,"Quick PSA: if you're getting the 502 error, clear cookies and use incognito. Worked for me.",980
2026-03-10T08:45:31Z,"The AI assistant feature is genuinely useful. Saved me 2 hours of manual data entry today alone 😊",3700
2026-03-10T08:47:58Z,"Absolute joke of a company. Charged me twice, took 2 weeks to refund, only refunded one charge. Never again.",21500
2026-03-10T08:49:25Z,"New API documentation is super well-written. Props to the dev team for making integration painless.",1200
2026-03-10T08:51:52Z,"The product itself is fine but the PRICE. $29 for basic? $79 for pro? In this economy??? 📉",11700
2026-03-10T08:53:19Z,"Just hit 1 year as a customer. The platform has improved SO much since I started. Keep it up team! ❤️",2400
2026-03-10T08:55:46Z,"Buggy mess. Crashes on iOS 18, crashes on Android 15, crashes on desktop. What DOESN'T it crash on?",28900
2026-03-10T08:57:13Z,"Honestly the free tier is more than enough for small teams. Very generous compared to alternatives.",1600
2026-03-10T08:59:40Z,"Their 'enterprise support' is a guy named Dave who takes 72 hours to reply. For $500/mo. Think about that.",16400
2026-03-10T09:01:07Z,"New collaboration features are 🔥🔥🔥 finally can co-edit docs without everything breaking",5200
2026-03-10T09:03:34Z,"WARNING: do NOT update to latest version. It wiped all my saved templates. No way to recover. Backup first.",33000
2026-03-10T09:05:01Z,"The competitor just launched a free tier that does everything this charges $29 for. Awkward timing lmao",7600
2026-03-10T09:07:28Z,"Customer for 3 years. Quality has been consistently great. The team clearly cares about the product.",1800
2026-03-10T09:09:55Z,"Support agent was incredibly patient with my dumb questions. Walked me through everything step by step. 10/10 experience",950
2026-03-10T09:11:22Z,"Whoever decided to remove the bulk export feature in the name of 'simplification' needs to reconsider. That was essential.",13200
2026-03-10T09:13:49Z,"RT @techreview Great analysis of the new pricing model — spoiler: it's not as bad as Twitter makes it seem",4100
2026-03-10T09:15:16Z,"The desktop app uses 3GB of RAM doing NOTHING. How is this even possible? Is it mining crypto?? 💀",20700
2026-03-10T09:17:43Z,"Upgraded to Pro tier yesterday. The advanced analytics alone are worth it. Should've done this months ago",3300
2026-03-10T09:19:10Z,"Y'all need to fix your payment system. Failed transaction → account locked → support says 'wait 48 hours.' Not okay.",18100
2026-03-10T09:21:37Z,"The dark mode implementation is *chef's kiss*. Finally an app that doesn't blind me at 2am",2600
2026-03-10T09:23:04Z,"Second outage this week. If I'm paying for '99.9% uptime' I expect better than this. Considering switching.",15900
2026-03-10T09:25:31Z,"Small thing but the keyboard shortcuts they added are brilliant. Ctrl+K search is so fast now",1400
2026-03-10T09:27:58Z,"Was excited about the AI features but they're basically just ChatGPT with a wrapper. Disappointed tbh",7200
2026-03-10T09:29:25Z,"Migrating from this product ASAP. The data export takes 6 hours for 500MB. In 2026. Seriously.",24300
2026-03-10T09:31:52Z,"Their blog post about the pricing change was refreshingly honest. Respect the transparency at least.",2100
2026-03-10T09:33:19Z,"New integrations with Slack and Notion are seamless. This is how ecosystem building should work 👍",3800
2026-03-10T09:35:46Z,"Worst customer service experience of my life. Rep literally told me 'that's not our problem' about THEIR bug.",26700
2026-03-10T09:37:13Z,"The security audit report they published is impressive. SOC2 + ISO27001 + regular pen testing. Enterprise ready fr",5600
2026-03-10T09:39:40Z,"Love how they added 2FA with biometrics. Most apps still only offer SMS codes in 2026 smh",1900
2026-03-10T09:41:07Z,"Can someone explain why the mobile app needs access to my contacts, camera, AND location for a productivity tool?",10500
2026-03-10T09:43:34Z,"Fantastic webinar today on the new features. The product team actually listens to feedback. Rare these days.",2700
2026-03-10T09:45:01Z,"'Oh you want to export YOUR data? That'll be $50 extra on the premium plan' — actual pricing in 2026",19800
2026-03-10T09:47:28Z,"File upload speed went from terrible to blazing fast after the CDN update. Noticeable improvement 🚀",3200
2026-03-10T09:49:55Z,"Third time my project was corrupted after auto-save. I've lost hours of work. Where's the version history?",23100
2026-03-10T09:51:22Z,"Hot take: the product is actually better than people give it credit for. Most complaints are about pricing not quality",4400
2026-03-10T09:53:49Z,"The calendar sync feature works flawlessly with Google Cal and Outlook. Finally a unified view of everything",1300
2026-03-10T09:55:16Z,"Built our entire startup workflow around this tool. 40 employees, zero issues in 8 months. Can't recommend enough 😊",6100
2026-03-10T09:57:43Z,"BREAKING: major data breach reported. User emails and hashed passwords potentially exposed. Change your passwords NOW",45000
2026-03-10T09:59:10Z,"The offline mode they added is a lifesaver for travel. Works perfectly on flights with no wifi 👍",2000
2026-03-10T10:01:37Z,"Why does the basic plan now have a 5-user limit when it was unlimited before? This kills it for small nonprofits",12800
2026-03-10T10:03:04Z,"Reporting a bug: the date picker shows 2025 dates as default. Minor but annoying for daily users",870
2026-03-10T10:05:31Z,"Absolute garbage. Paid for annual plan, features got removed mid-year, no prorated refund offered. Borderline scam.",29500
2026-03-10T10:07:58Z,"The learning curve is steep but once you get it, it's incredibly powerful. Tip: watch their YouTube tutorials first",3600
2026-03-10T10:09:25Z,"Just cancelled. The price-to-value ratio has gotten worse with every update this year. Sad because I loved v3.",8400
2026-03-10T10:11:52Z,"Speed test results: page load 0.8s, search 0.3s, file open 1.2s. Actually competitive with native apps now",1500
2026-03-10T10:13:19Z,"The community Discord is incredibly helpful. Found answers to every question I had within minutes",2300
2026-03-10T10:15:46Z,"Failed checkout → lost my cart → support says they can't recover it. $200 in items gone. Absolutely fuming 😡",16900
